start,start/step,0,timestamp,1702886427.4018698
start,start/step,0,timestamp,1702886471.140987
start,start/step,0,timestamp,1702886490.25094
start,start/step,0,timestamp,1702886514.6911623
start,start/step,0,timestamp,1702886889.775382
start,start/step,0,timestamp,1702887261.6634867
start,start/step,0,timestamp,1702887308.3358846
start,start/step,0,timestamp,1702887384.5478125
start,start/step,0,timestamp,1702887591.7586384
start,start/step,0,timestamp,1702887607.301911
start,start/step,0,timestamp,1702887851.0112119
start,start/step,0,timestamp,1702887872.3660846
start,start/step,0,timestamp,1702887927.5222414
start,start/step,0,timestamp,1702887941.2962143
start,start/step,0,timestamp,1702887966.0811768
start,start/step,0,timestamp,1702888068.828116
start,start/step,0,timestamp,1702888597.564922
start,start/step,0,timestamp,1702888612.3375866
start,start/step,0,timestamp,1702888678.059873
start,start/step,0,timestamp,1702888771.403974
start,start/step,0,timestamp,1702888787.3909283
start,start/step,0,timestamp,1702889205.4360256
start,start/step,0,timestamp,1702889238.7944512
start,start/step,0,timestamp,1702889515.90186
start,start/step,0,timestamp,1702982382.7771728
start,start/step,0,timestamp,1702982431.7626827
start,start/step,0,timestamp,1702982466.2302446
start,start/step,0,timestamp,1702982509.4444866
start,start/step,0,timestamp,1702982765.7462633
start,start/step,0,timestamp,1702982914.9011338
start,start/step,0,timestamp,1702984151.3484244
start,start/step,0,timestamp,1702985260.898039
start,start/step,0,timestamp,1702985463.37608
start,start/step,0,timestamp,1702986184.216381
start,start/step,0,timestamp,1702988231.3274949
start,start/step,0,timestamp,1702988442.4085197
start,start/step,0,timestamp,1702988649.0217984
start,start/step,0,timestamp,1702988776.4368546
start,start/step,0,timestamp,1702989197.8601942
start,start/step,0,timestamp,1702989374.011023
start,start/step,0,timestamp,1702989534.7917788
start,start/step,0,timestamp,1702989622.0125713
start,start/step,0,timestamp,1702989825.0754988
start,start/step,0,timestamp,1702989930.5148993
start,start/step,0,timestamp,1702990091.5151439
start,start/step,0,timestamp,1702990177.7901149
start,start/step,0,timestamp,1702990258.94
start,start/step,0,timestamp,1702990283.3231692
start,start/step,0,timestamp,1702990299.225371
start,start/step,0,timestamp,1702990341.7001362
start,start/step,0,timestamp,1702990361.0123057
start,start/step,0,timestamp,1702990538.6910124
start,start/step,0,timestamp,1702990639.779481
start,start/step,0,timestamp,1702992442.0120323
start,start/step,0,timestamp,1702992522.4299862
start,start/step,0,timestamp,1702992638.604373
start,start/step,0,timestamp,1703307445.6644554
start,start/step,0,timestamp,1703308548.883794
start,start/step,0,timestamp,1703309094.7567427
start,start/step,0,timestamp,1703309621.1654828
start,start/step,0,timestamp,1703310969.3767867
start,start/step,0,timestamp,1703310991.0257869
start,start/step,0,timestamp,1703311035.4398367
start,start/step,0,timestamp,1703311131.301011
start,start/step,0,timestamp,1703421553.9332986
start,start/step,0,timestamp,1703421651.740005
start,start/step,0,timestamp,1703421778.228474
start,start/step,0,timestamp,1703421914.7032874
start,start/step,0,timestamp,1703422123.252358
start,start/step,0,timestamp,1703424242.0126116
start,start/step,0,timestamp,1703424419.1834226
start,start/step,0,timestamp,1703424489.012515
