start,start/step,0,timestamp,1702566654.0708952
start,start/step,0,timestamp,1702566676.1071167
start,start/step,0,timestamp,1702566935.8325527
start,start/step,0,timestamp,1702567352.8768432
start,start/step,0,timestamp,1702567527.8364604
start,start/step,0,timestamp,1702567759.5144737
start,start/step,0,timestamp,1702609170.298812
start,start/step,0,timestamp,1702702292.038474
start,start/step,0,timestamp,1702702467.6809413
start,start/step,0,timestamp,1702702567.2245402
start,start/step,0,timestamp,1702702749.3624265
start,start/step,0,timestamp,1702702819.2375727
start,start/step,0,timestamp,1702702976.7861936
start,start/step,0,timestamp,1702703028.6890013
start,start/step,0,timestamp,1702703262.826568
start,start/step,0,timestamp,1702704149.7130854
start,start/step,0,timestamp,1702704358.306898
start,start/step,0,timestamp,1702706000.5559337
start,start/step,0,timestamp,1702707183.623051
start,start/step,0,timestamp,1702708024.2486784
start,start/step,0,timestamp,1702709367.8043973
start,start/step,0,timestamp,1702709558.8981156
start,start/step,0,timestamp,1702714041.647072
start,start/step,0,timestamp,1702714545.46717
start,start/step,0,timestamp,1702715081.268036
start,start/step,0,timestamp,1702715521.2703912
start,start/step,0,timestamp,1702715845.4974763
start,start/step,0,timestamp,1702716262.647585
start,start/step,0,timestamp,1702716417.811898
start,start/step,0,timestamp,1702723551.726724
start,start/step,0,timestamp,1702725582.811395
start,start/step,0,timestamp,1702726282.965263
start,start/step,0,timestamp,1702727394.7946308
start,start/step,0,timestamp,1702729189.1061344
start,start/step,0,timestamp,1702729283.116336
start,start/step,0,timestamp,1702729398.1785305
start,start/step,0,timestamp,1702729561.5929186
start,start/step,0,timestamp,1702729587.5666575
start,start/step,0,timestamp,1702729618.466292
start,start/step,0,timestamp,1702729653.2983441
start,start/step,0,timestamp,1702729704.9833293
start,start/step,0,timestamp,1702729772.06824
start,start/step,0,timestamp,1702729991.1268165
start,start/step,0,timestamp,1702730086.0723395
start,start/step,0,timestamp,1702730200.342173
start,start/step,0,timestamp,1702730242.479341
start,start/step,0,timestamp,1702730427.5926776
start,start/step,0,timestamp,1702731415.319399
start,start/step,0,timestamp,1702731648.857649
start,start/step,0,timestamp,1703307616.9039233
