start,start/step,0,timestamp,1703320744.1540914
start,start/step,0,timestamp,1703320798.370398
start,start/step,0,timestamp,1703320822.8945854
start,start/step,0,timestamp,1703320846.3321404
start,start/step,0,timestamp,1703320888.297393
start,start/step,0,timestamp,1703320928.4176238
start,start/step,0,timestamp,1703321044.0903194
start,start/step,0,timestamp,1703321257.6671624
start,start/step,0,timestamp,1703321913.8304167
start,start/step,0,timestamp,1703322362.3845468
start,start/step,0,timestamp,1703323487.4561882
start,start/step,0,timestamp,1703323537.1730762
start,start/step,0,timestamp,1703323566.4420118
start,start/step,0,timestamp,1703323596.480715
start,start/step,0,timestamp,1703406580.2945695
start,start/step,0,timestamp,1703406765.1803694
start,start/step,0,timestamp,1703406810.4150476
start,start/step,0,timestamp,1703407438.7276547
start,start/step,0,timestamp,1703419854.8949265
start,start/step,0,timestamp,1703419925.5994642
